{
  "metrics": {
    "samples": 762,
    "HR@5": 0.232283,
    "NDCG@5": 0.227932,
    "MRR@5": 0.226509,
    "Coverage@5": 0.379958,
    "ValidSID@5": 1.0,
    "CategoryConsistency@5": 0.98084,
    "Novelty@5": 9.678795,
    "HR@10": 0.250656,
    "NDCG@10": 0.234,
    "MRR@10": 0.229084,
    "Coverage@10": 0.386221,
    "ValidSID@10": 1.0,
    "CategoryConsistency@10": 0.885302,
    "Novelty@10": 10.027931,
    "HR@20": 0.25853,
    "NDCG@20": 0.235899,
    "MRR@20": 0.229557,
    "Coverage@20": 0.40501,
    "ValidSID@20": 1.0,
    "CategoryConsistency@20": 0.934121,
    "Novelty@20": 9.858837,
    "RawGeneratedSIDAvg": 1.0,
    "RawValidSIDRate": 0.93832,
    "EmptySIDGenerationRate": 0.0,
    "ReasonFieldRate": 0.952756,
    "model": "artifacts/checkpoints/qwen25-1p5b-onerec-reasoning",
    "constrained_sid": true
  },
  "cold_start_metrics": {
    "samples": 384,
    "HR@5": 0.380208,
    "NDCG@5": 0.373496,
    "MRR@5": 0.371354,
    "Coverage@5": 0.256785,
    "ValidSID@5": 1.0,
    "CategoryConsistency@5": 0.978646,
    "Novelty@5": 9.72106,
    "HR@10": 0.395833,
    "NDCG@10": 0.378593,
    "MRR@10": 0.373487,
    "Coverage@10": 0.265136,
    "ValidSID@10": 1.0,
    "CategoryConsistency@10": 0.883854,
    "Novelty@10": 10.05512,
    "HR@20": 0.401042,
    "NDCG@20": 0.379779,
    "MRR@20": 0.373748,
    "Coverage@20": 0.283925,
    "ValidSID@20": 1.0,
    "CategoryConsistency@20": 0.932813,
    "Novelty@20": 9.862235
  },
  "examples": [
    "推荐商品：SID_029_029_029_048\n推荐理由：用户近期多次关注 All Beauty 相关商品，历史兴趣与 All Beauty 类目保持一致，因此推荐该商品作为下一步候选。",
    "推荐商品：SID_023_003_005_004\n推荐理由：用户近期多次关注 All Beauty 相关商品，历史兴趣与 All Beauty 类目保持一致，因此推荐该商品作为下一步候选。",
    "推荐商品：SID_012_012_012_012\n推荐理由：用户近期多次关注 All Beauty 相关商品，历史兴趣与 All Beauty 类目保持一致，因此推荐该商品作为下一步候选。",
    "推荐商品：SID_029_029_029_009\n推荐理由：用户近期多次关注 All Beauty 相关商品，历史兴趣与 All Beauty 类目保持一致，因此推荐该商品作为下一步候选。",
    "推荐商品：SID_029_029_029_030\n推荐理由：用户近期多次关注 All Beauty 相关商品，历史兴趣与 All Beauty 类目保持一致，因此推荐该商品作为下一步候选。"
  ]
}
