{
  "metrics": {
    "samples": 762,
    "HR@5": 0.233596,
    "NDCG@5": 0.229244,
    "MRR@5": 0.227822,
    "Coverage@5": 0.340292,
    "ValidSID@5": 0.985827,
    "CategoryConsistency@5": 0.967192,
    "Novelty@5": 9.692791,
    "HR@10": 0.251969,
    "NDCG@10": 0.235313,
    "MRR@10": 0.230396,
    "Coverage@10": 0.350731,
    "ValidSID@10": 0.992913,
    "CategoryConsistency@10": 0.878478,
    "Novelty@10": 10.028514,
    "HR@20": 0.259843,
    "NDCG@20": 0.237211,
    "MRR@20": 0.230869,
    "Coverage@20": 0.36952,
    "ValidSID@20": 0.996457,
    "CategoryConsistency@20": 0.930709,
    "Novelty@20": 9.869949,
    "model": "artifacts/checkpoints/qwen25-1p5b-onerec"
  },
  "cold_start_metrics": {
    "samples": 384,
    "HR@5": 0.380208,
    "NDCG@5": 0.373496,
    "MRR@5": 0.371354,
    "Coverage@5": 0.240084,
    "ValidSID@5": 0.972917,
    "CategoryConsistency@5": 0.952604,
    "Novelty@5": 9.812807,
    "HR@10": 0.395833,
    "NDCG@10": 0.378593,
    "MRR@10": 0.373487,
    "Coverage@10": 0.250522,
    "ValidSID@10": 0.986458,
    "CategoryConsistency@10": 0.870833,
    "Novelty@10": 10.088523,
    "HR@20": 0.401042,
    "NDCG@20": 0.379779,
    "MRR@20": 0.373748,
    "Coverage@20": 0.269311,
    "ValidSID@20": 0.993229,
    "CategoryConsistency@20": 0.926302,
    "Novelty@20": 9.899066
  },
  "examples": [
    "推荐商品：SID_029_029_029_028\n推荐理由：用户近期多次关注 All Beauty 相关商品，历史兴趣与 All Beauty 类目保持一致，因此推荐该商品作为下一步候选。",
    "推荐商品：SID_029_029_029_030\n推荐理由：用户近期多次关注 All Beauty 相关商品，历史兴趣与 All Beauty 类目保持一致，因此推荐该商品作为下一步候选。",
    "推荐商品：SID_012_012_012_007\n推荐理由：用户近期多次关注 All Beauty 相关商品，历史兴趣与 All Beauty 类目保持一致，因此推荐该商品作为下一步候选。",
    "推荐商品：SID_029_029_029_009\n推荐理由：用户近期多次关注 All Beauty 相关商品，历史兴趣与 All Beauty 类目保持一致，因此推荐该商品作为下一步候选。",
    "推荐商品：SID_029_029_029_030\n推荐理由：用户近期多次关注 All Beauty 相关商品，历史兴趣与 All Beauty 类目保持一致，因此推荐该商品作为下一步候选。"
  ]
}
