{
  "Popular": {
    "samples": 762,
    "HR@5": 0.003937,
    "NDCG@5": 0.001878,
    "MRR@5": 0.001203,
    "Coverage@5": 0.010438,
    "ValidSID@5": 1.0,
    "CategoryConsistency@5": 0.98294,
    "LongTailRatio@5": 0.0,
    "Novelty@5": 7.097346,
    "HR@10": 0.003937,
    "NDCG@10": 0.001878,
    "MRR@10": 0.001203,
    "Coverage@10": 0.020877,
    "ValidSID@10": 1.0,
    "CategoryConsistency@10": 0.98294,
    "LongTailRatio@10": 0.0,
    "Novelty@10": 7.180353,
    "HR@20": 0.007874,
    "NDCG@20": 0.00289,
    "MRR@20": 0.001491,
    "Coverage@20": 0.041754,
    "ValidSID@20": 1.0,
    "CategoryConsistency@20": 0.934646,
    "LongTailRatio@20": 0.0,
    "Novelty@20": 7.29187
  },
  "TextRetrieval": {
    "samples": 762,
    "HR@5": 0.01706,
    "NDCG@5": 0.008419,
    "MRR@5": 0.005577,
    "Coverage@5": 0.40501,
    "ValidSID@5": 1.0,
    "CategoryConsistency@5": 0.982415,
    "LongTailRatio@5": 0.83727,
    "Novelty@5": 9.730796,
    "HR@10": 0.027559,
    "NDCG@10": 0.011699,
    "MRR@10": 0.006868,
    "Coverage@10": 0.599165,
    "ValidSID@10": 1.0,
    "CategoryConsistency@10": 0.971654,
    "LongTailRatio@10": 0.846982,
    "Novelty@10": 9.666051,
    "HR@20": 0.064304,
    "NDCG@20": 0.020774,
    "MRR@20": 0.009246,
    "Coverage@20": 0.776618,
    "ValidSID@20": 1.0,
    "CategoryConsistency@20": 0.967585,
    "LongTailRatio@20": 0.834121,
    "Novelty@20": 9.616214
  },
  "EmbeddingRetrieval": {
    "samples": 762,
    "HR@5": 0.018373,
    "NDCG@5": 0.011215,
    "MRR@5": 0.00888,
    "Coverage@5": 0.638831,
    "ValidSID@5": 1.0,
    "CategoryConsistency@5": 0.967717,
    "LongTailRatio@5": 0.75748,
    "Novelty@5": 9.409444,
    "HR@10": 0.035433,
    "NDCG@10": 0.01704,
    "MRR@10": 0.011468,
    "Coverage@10": 0.791232,
    "ValidSID@10": 1.0,
    "CategoryConsistency@10": 0.972441,
    "LongTailRatio@10": 0.780052,
    "Novelty@10": 9.451963,
    "HR@20": 0.053806,
    "NDCG@20": 0.02146,
    "MRR@20": 0.012565,
    "Coverage@20": 0.924843,
    "ValidSID@20": 1.0,
    "CategoryConsistency@20": 0.96916,
    "LongTailRatio@20": 0.785171,
    "Novelty@20": 9.494721
  }
}
