{
  "Popular": {
    "samples": 60,
    "HR@5": 0.0,
    "NDCG@5": 0.0,
    "MRR@5": 0.0,
    "Coverage@5": 0.104167,
    "ValidSID@5": 1.0,
    "CategoryConsistency@5": 0.166667,
    "LongTailRatio@5": 0.0,
    "HR@10": 0.0,
    "NDCG@10": 0.0,
    "MRR@10": 0.0,
    "Coverage@10": 0.208333,
    "ValidSID@10": 1.0,
    "CategoryConsistency@10": 0.166667,
    "LongTailRatio@10": 0.4,
    "HR@20": 0.066667,
    "NDCG@20": 0.015302,
    "MRR@20": 0.003421,
    "Coverage@20": 0.416667,
    "ValidSID@20": 1.0,
    "CategoryConsistency@20": 0.166667,
    "LongTailRatio@20": 0.7
  },
  "TextRetrieval": {
    "samples": 60,
    "HR@5": 1.0,
    "NDCG@5": 1.0,
    "MRR@5": 1.0,
    "Coverage@5": 0.833333,
    "ValidSID@5": 1.0,
    "CategoryConsistency@5": 0.2,
    "LongTailRatio@5": 0.946667,
    "HR@10": 1.0,
    "NDCG@10": 1.0,
    "MRR@10": 1.0,
    "Coverage@10": 0.9375,
    "ValidSID@10": 1.0,
    "CategoryConsistency@10": 0.1,
    "LongTailRatio@10": 0.878333,
    "HR@20": 1.0,
    "NDCG@20": 1.0,
    "MRR@20": 1.0,
    "Coverage@20": 1.0,
    "ValidSID@20": 1.0,
    "CategoryConsistency@20": 0.05,
    "LongTailRatio@20": 0.836667
  },
  "EmbeddingRetrieval": {
    "samples": 60,
    "HR@5": 1.0,
    "NDCG@5": 1.0,
    "MRR@5": 1.0,
    "Coverage@5": 0.583333,
    "ValidSID@5": 1.0,
    "CategoryConsistency@5": 0.2,
    "LongTailRatio@5": 1.0,
    "HR@10": 1.0,
    "NDCG@10": 1.0,
    "MRR@10": 1.0,
    "Coverage@10": 0.729167,
    "ValidSID@10": 1.0,
    "CategoryConsistency@10": 0.1,
    "LongTailRatio@10": 0.991667,
    "HR@20": 1.0,
    "NDCG@20": 1.0,
    "MRR@20": 1.0,
    "Coverage@20": 0.916667,
    "ValidSID@20": 1.0,
    "CategoryConsistency@20": 0.05,
    "LongTailRatio@20": 0.901667
  }
}
